,pretrained_model_name,curiosity_score,knowledge_limit_awareness_score,self_learning_capability_score
0,Intel/neural-chat-7b-v3-3,0.972972972972973,0.5135135135135135,0.7432432432432432
1,mistralai/Mistral-7B-Instruct-v0.2,0.972972972972973,0.7027027027027027,0.8378378378378379
2,TinyLlama/TinyLlama-1.1B-Chat-v1.0,-0.12885317750182634,0.5675675675675675,0.2193571950328706
3,mistralai/Mistral-7B-v0.1,0.036552227903579204,0.7027027027027027,0.36962746530314095
